{
  "main": {
    "id": "30a82fe3b2e370ee",
    "type": "split",
    "children": [
      {
        "id": "0e494908bf482dee",
        "type": "tabs",
        "children": [
          {
            "id": "768d03f028315d58",
            "type": "leaf",
            "state": {
              "type": "markdown",
              "state": {
                "file": "01 - CP/Algorithm Library.md",
                "mode": "source",
                "source": false
              },
              "icon": "lucide-file",
              "title": "Algorithm Library"
            }
          },
          {
            "id": "a2594cfdf4a10429",
            "type": "leaf",
            "state": {
              "type": "markdown",
              "state": {
                "file": "01 - CP/Algorithm Library.md",
                "mode": "source",
                "source": false
              },
              "icon": "lucide-file",
              "title": "Algorithm Library"
            }
          },
          {
            "id": "feb1f9bd3238a777",
            "type": "leaf",
            "state": {
              "type": "markdown",
              "state": {
                "file": "01 - CP/tree.md",
                "mode": "source",
                "source": false
              },
              "icon": "lucide-file",
              "title": "tree"
            }
          },
          {
            "id": "f4aea718ec052070",
            "type": "leaf",
            "state": {
              "type": "markdown",
              "state": {
                "file": "Inbox.md",
                "mode": "source",
                "source": false
              },
              "icon": "lucide-file",
              "title": "Inbox"
            }
          }
        ],
        "currentTab": 3
      }
    ],
    "direction": "vertical"
  },
  "left": {
    "id": "2ef01db2d20a8be6",
    "type": "split",
    "children": [
      {
        "id": "a1a852e548db3261",
        "type": "tabs",
        "dimension": 70.91121495327103,
        "children": [
          {
            "id": "e31c08c88c53a555",
            "type": "leaf",
            "state": {
              "type": "file-explorer",
              "state": {
                "sortOrder": "alphabetical",
                "autoReveal": true
              },
              "icon": "lucide-folder-closed",
              "title": "Files"
            }
          },
          {
            "id": "aad6724e0ed46061",
            "type": "leaf",
            "state": {
              "type": "search",
              "state": {
                "query": "",
                "matchingCase": false,
                "explainSearch": false,
                "collapseAll": false,
                "extraContext": false,
                "sortOrder": "alphabetical"
              },
              "icon": "lucide-search",
              "title": "Search"
            }
          },
          {
            "id": "5b9d671d6914f0a4",
            "type": "leaf",
            "state": {
              "type": "bookmarks",
              "state": {},
              "icon": "lucide-bookmark",
              "title": "Bookmarks"
            }
          },
          {
            "id": "2632548e462ff27f",
            "type": "leaf",
            "state": {
              "type": "recent-files",
              "state": {},
              "icon": "clock",
              "title": "Recent Files"
            }
          }
        ]
      },
      {
        "id": "553768be3749d8ed",
        "type": "tabs",
        "dimension": 29.088785046728972,
        "children": [
          {
            "id": "75b7d73a678503cd",
            "type": "leaf",
            "state": {
              "type": "graph",
              "state": {},
              "icon": "lucide-git-fork",
              "title": "Graph view"
            }
          }
        ]
      }
    ],
    "direction": "horizontal",
    "width": 227.5
  },
  "right": {
    "id": "efb7af435639986e",
    "type": "split",
    "children": [
      {
        "id": "1143bb46dc7d4b8f",
        "type": "tabs",
        "dimension": 60.55555555555555,
        "children": [
          {
            "id": "7b42790cc0b1b0b4",
            "type": "leaf",
            "state": {
              "type": "backlink",
              "state": {
                "file": "Inbox.md",
                "collapseAll": false,
                "extraContext": false,
                "sortOrder": "alphabetical",
                "showSearch": false,
                "searchQuery": "",
                "backlinkCollapsed": false,
                "unlinkedCollapsed": true
              },
              "icon": "links-coming-in",
              "title": "Backlinks for Inbox"
            }
          },
          {
            "id": "12864b35faa67541",
            "type": "leaf",
            "state": {
              "type": "outgoing-link",
              "state": {
                "file": "Inbox.md",
                "linksCollapsed": false,
                "unlinkedCollapsed": true
              },
              "icon": "links-going-out",
              "title": "Outgoing links from Inbox"
            }
          },
          {
            "id": "1e4cfc7dfd7e95a0",
            "type": "leaf",
            "state": {
              "type": "tag",
              "state": {
                "sortOrder": "frequency",
                "useHierarchy": true,
                "showSearch": false,
                "searchQuery": ""
              },
              "icon": "lucide-tags",
              "title": "Tags"
            }
          },
          {
            "id": "545296da133ffe8b",
            "type": "leaf",
            "state": {
              "type": "outline",
              "state": {
                "file": "Inbox.md",
                "followCursor": false,
                "showSearch": false,
                "searchQuery": ""
              },
              "icon": "lucide-list",
              "title": "Outline of Inbox"
            }
          },
          {
            "id": "4361bfebf37ba1d7",
            "type": "leaf",
            "state": {
              "type": "tasks_timeline_view",
              "state": {},
              "icon": "calendar-clock",
              "title": "Tasks Timeline"
            }
          }
        ],
        "currentTab": 4
      },
      {
        "id": "799ec9dc8454b834",
        "type": "tabs",
        "dimension": 39.44444444444444,
        "children": [
          {
            "id": "74d25af5c0ecde66",
            "type": "leaf",
            "state": {
              "type": "calendar",
              "state": {},
              "icon": "calendar-with-checkmark",
              "title": "Calendar"
            }
          }
        ]
      }
    ],
    "direction": "horizontal",
    "width": 316.5
  },
  "left-ribbon": {
    "hiddenItems": {
      "omnisearch:Omnisearch": false,
      "switcher:Open quick switcher": false,
      "daily-notes:Open today's daily note": false,
      "templates:Insert template": false,
      "command-palette:Open command palette": false,
      "obsidian-excalidraw-plugin:New drawing": false,
      "canvas:Create new canvas": false,
      "homepage:Open homepage": false,
      "graph:Open graph view": false
    }
  },
  "active": "f4aea718ec052070",
  "lastOpenFiles": [
    "08 - todos/Projects.md",
    "Inbox.md",
    "01 - CP/dp.md",
    "00 - Home/CP DashBoard.md",
    "01 - CP/tree.md",
    "01 - CP/Algorithm Library.md",
    "01 - CP/binarySearch.md",
    "00 - Home/Tasks.md",
    "08 - todos/Coupons.md",
    "08 - todos/Untitled.md",
    "08 - todos/Quick-notes.md",
    "08 - todos/Routines.md",
    "04 - Archive/Vim Commands Cheat sheet.md",
    "2025-06-25.md",
    "Untitled.canvas",
    "03 - Excalidraw/Drawing 2025-06-25 00.01.08.excalidraw.md",
    "03 - Excalidraw/Drawing 2025-06-24 23.57.52.excalidraw.md",
    "2025-06-24.md",
    "03 - Excalidraw/Drawing 2025-06-24 23.56.28.excalidraw.md",
    "03 - Excalidraw",
    "04 - Archive/Assets",
    "04 - Archive/Assets/1n3eIVI8FdvTaX3_GsM21_g.png",
    "08 - todos",
    "Welcome.md",
    "01 - CP",
    "00 - Home",
    "04 - Archive"
  ]
}